species_id,name,generation,is_legendary,is_mythical,is_legendary_or_mythical,type_1,type_2,hp,attack,defense,special_attack,special_defense,speed,base_stat_total
1,Bulbasaur,1,False,False,False,Grass,Poison,45,49,49,65,65,45,318
2,Ivysaur,1,False,False,False,Grass,Poison,60,62,63,80,80,60,405
3,Venusaur,1,False,False,False,Grass,Poison,80,82,83,100,100,80,525
4,Charmander,1,False,False,False,Fire,,39,52,43,60,50,65,309
5,Charmeleon,1,False,False,False,Fire,,58,64,58,80,65,80,405
6,Charizard,1,False,False,False,Fire,Flying,78,84,78,109,85,100,534
7,Squirtle,1,False,False,False,Water,,44,48,65,50,64,43,314
8,Wartortle,1,False,False,False,Water,,59,63,80,65,80,58,405
9,Blastoise,1,False,False,False,Water,,79,83,100,85,105,78,530
10,Caterpie,1,False,False,False,Bug,,45,30,35,20,20,45,195
11,Metapod,1,False,False,False,Bug,,50,20,55,25,25,30,205
12,Butterfree,1,False,False,False,Bug,Flying,60,45,50,90,80,70,395
13,Weedle,1,False,False,False,Bug,Poison,40,35,30,20,20,50,195
14,Kakuna,1,False,False,False,Bug,Poison,45,25,50,25,25,35,205
15,Beedrill,1,False,False,False,Bug,Poison,65,90,40,45,80,75,395
16,Pidgey,1,False,False,False,Normal,Flying,40,45,40,35,35,56,251
17,Pidgeotto,1,False,False,False,Normal,Flying,63,60,55,50,50,71,349
18,Pidgeot,1,False,False,False,Normal,Flying,83,80,75,70,70,101,479
19,Rattata,1,False,False,False,Normal,,30,56,35,25,35,72,253
20,Raticate,1,False,False,False,Normal,,55,81,60,50,70,97,413
21,Spearow,1,False,False,False,Normal,Flying,40,60,30,31,31,70,262
22,Fearow,1,False,False,False,Normal,Flying,65,90,65,61,61,100,442
23,Ekans,1,False,False,False,Poison,,35,60,44,40,54,55,288
24,Arbok,1,False,False,False,Poison,,60,95,69,65,79,80,448
25,Pikachu,1,False,False,False,Electric,,35,55,40,50,50,90,320
26,Raichu,1,False,False,False,Electric,,60,90,55,90,80,110,485
27,Sandshrew,1,False,False,False,Ground,,50,75,85,20,30,40,300
28,Sandslash,1,False,False,False,Ground,,75,100,110,45,55,65,450
29,Nidoran-F,1,False,False,False,Poison,,55,47,52,40,40,41,275
30,Nidorina,1,False,False,False,Poison,,70,62,67,55,55,56,365
31,Nidoqueen,1,False,False,False,Poison,Ground,90,92,87,75,85,76,505
32,Nidoran-M,1,False,False,False,Poison,,46,57,40,40,40,50,273
33,Nidorino,1,False,False,False,Poison,,61,72,57,55,55,65,365
34,Nidoking,1,False,False,False,Poison,Ground,81,102,77,85,75,85,505
35,Clefairy,1,False,False,False,Fairy,,70,45,48,60,65,35,323
36,Clefable,1,False,False,False,Fairy,,95,70,73,95,90,60,483
37,Vulpix,1,False,False,False,Fire,,38,41,40,50,65,65,299
38,Ninetales,1,False,False,False,Fire,,73,76,75,81,100,100,505
39,Jigglypuff,1,False,False,False,Normal,Fairy,115,45,20,45,25,20,270
40,Wigglytuff,1,False,False,False,Normal,Fairy,140,70,45,85,50,45,435
41,Zubat,1,False,False,False,Poison,Flying,40,45,35,30,40,55,245
42,Golbat,1,False,False,False,Poison,Flying,75,80,70,65,75,90,455
43,Oddish,1,False,False,False,Grass,Poison,45,50,55,75,65,30,320
44,Gloom,1,False,False,False,Grass,Poison,60,65,70,85,75,40,395
45,Vileplume,1,False,False,False,Grass,Poison,75,80,85,110,90,50,490
46,Paras,1,False,False,False,Bug,Grass,35,70,55,45,55,25,285
47,Parasect,1,False,False,False,Bug,Grass,60,95,80,60,80,30,405
48,Venonat,1,False,False,False,Bug,Poison,60,55,50,40,55,45,305
49,Venomoth,1,False,False,False,Bug,Poison,70,65,60,90,75,90,450
50,Diglett,1,False,False,False,Ground,,10,55,25,35,45,95,265
51,Dugtrio,1,False,False,False,Ground,,35,100,50,50,70,120,425
52,Meowth,1,False,False,False,Normal,,40,45,35,40,40,90,290
53,Persian,1,False,False,False,Normal,,65,70,60,65,65,115,440
54,Psyduck,1,False,False,False,Water,,50,52,48,65,50,55,320
55,Golduck,1,False,False,False,Water,,80,82,78,95,80,85,500
56,Mankey,1,False,False,False,Fighting,,40,80,35,35,45,70,305
57,Primeape,1,False,False,False,Fighting,,65,105,60,60,70,95,455
58,Growlithe,1,False,False,False,Fire,,55,70,45,70,50,60,350
59,Arcanine,1,False,False,False,Fire,,90,110,80,100,80,95,555
60,Poliwag,1,False,False,False,Water,,40,50,40,40,40,90,300
61,Poliwhirl,1,False,False,False,Water,,65,65,65,50,50,90,385
62,Poliwrath,1,False,False,False,Water,Fighting,90,95,95,70,90,70,510
63,Abra,1,False,False,False,Psychic,,25,20,15,105,55,90,310
64,Kadabra,1,False,False,False,Psychic,,40,35,30,120,70,105,400
65,Alakazam,1,False,False,False,Psychic,,55,50,45,135,95,120,500
66,Machop,1,False,False,False,Fighting,,70,80,50,35,35,35,305
67,Machoke,1,False,False,False,Fighting,,80,100,70,50,60,45,405
68,Machamp,1,False,False,False,Fighting,,90,130,80,65,85,55,505
69,Bellsprout,1,False,False,False,Grass,Poison,50,75,35,70,30,40,300
70,Weepinbell,1,False,False,False,Grass,Poison,65,90,50,85,45,55,390
71,Victreebel,1,False,False,False,Grass,Poison,80,105,65,100,70,70,490
72,Tentacool,1,False,False,False,Water,Poison,40,40,35,50,100,70,335
73,Tentacruel,1,False,False,False,Water,Poison,80,70,65,80,120,100,515
74,Geodude,1,False,False,False,Rock,Ground,40,80,100,30,30,20,300
75,Graveler,1,False,False,False,Rock,Ground,55,95,115,45,45,35,390
76,Golem,1,False,False,False,Rock,Ground,80,120,130,55,65,45,495
77,Ponyta,1,False,False,False,Fire,,50,85,55,65,65,90,410
78,Rapidash,1,False,False,False,Fire,,65,100,70,80,80,105,500
79,Slowpoke,1,False,False,False,Water,Psychic,90,65,65,40,40,15,315
80,Slowbro,1,False,False,False,Water,Psychic,95,75,110,100,80,30,490
81,Magnemite,1,False,False,False,Electric,Steel,25,35,70,95,55,45,325
82,Magneton,1,False,False,False,Electric,Steel,50,60,95,120,70,70,465
83,Farfetchd,1,False,False,False,Normal,Flying,52,90,55,58,62,60,377
84,Doduo,1,False,False,False,Normal,Flying,35,85,45,35,35,75,310
85,Dodrio,1,False,False,False,Normal,Flying,60,110,70,60,60,110,470
86,Seel,1,False,False,False,Water,,65,45,55,45,70,45,325
87,Dewgong,1,False,False,False,Water,Ice,90,70,80,70,95,70,475
88,Grimer,1,False,False,False,Poison,,80,80,50,40,50,25,325
89,Muk,1,False,False,False,Poison,,105,105,75,65,100,50,500
90,Shellder,1,False,False,False,Water,,30,65,100,45,25,40,305
91,Cloyster,1,False,False,False,Water,Ice,50,95,180,85,45,70,525
92,Gastly,1,False,False,False,Ghost,Poison,30,35,30,100,35,80,310
93,Haunter,1,False,False,False,Ghost,Poison,45,50,45,115,55,95,405
94,Gengar,1,False,False,False,Ghost,Poison,60,65,60,130,75,110,500
95,Onix,1,False,False,False,Rock,Ground,35,45,160,30,45,70,385
96,Drowzee,1,False,False,False,Psychic,,60,48,45,43,90,42,328
97,Hypno,1,False,False,False,Psychic,,85,73,70,73,115,67,483
98,Krabby,1,False,False,False,Water,,30,105,90,25,25,50,325
99,Kingler,1,False,False,False,Water,,55,130,115,50,50,75,475
100,Voltorb,1,False,False,False,Electric,,40,30,50,55,55,100,330
101,Electrode,1,False,False,False,Electric,,60,50,70,80,80,150,490
102,Exeggcute,1,False,False,False,Grass,Psychic,60,40,80,60,45,40,325
103,Exeggutor,1,False,False,False,Grass,Psychic,95,95,85,125,75,55,530
104,Cubone,1,False,False,False,Ground,,50,50,95,40,50,35,320
105,Marowak,1,False,False,False,Ground,,60,80,110,50,80,45,425
106,Hitmonlee,1,False,False,False,Fighting,,50,120,53,35,110,87,455
107,Hitmonchan,1,False,False,False,Fighting,,50,105,79,35,110,76,455
108,Lickitung,1,False,False,False,Normal,,90,55,75,60,75,30,385
109,Koffing,1,False,False,False,Poison,,40,65,95,60,45,35,340
110,Weezing,1,False,False,False,Poison,,65,90,120,85,70,60,490
111,Rhyhorn,1,False,False,False,Ground,Rock,80,85,95,30,30,25,345
112,Rhydon,1,False,False,False,Ground,Rock,105,130,120,45,45,40,485
113,Chansey,1,False,False,False,Normal,,250,5,5,35,105,50,450
114,Tangela,1,False,False,False,Grass,,65,55,115,100,40,60,435
115,Kangaskhan,1,False,False,False,Normal,,105,95,80,40,80,90,490
116,Horsea,1,False,False,False,Water,,30,40,70,70,25,60,295
117,Seadra,1,False,False,False,Water,,55,65,95,95,45,85,440
118,Goldeen,1,False,False,False,Water,,45,67,60,35,50,63,320
119,Seaking,1,False,False,False,Water,,80,92,65,65,80,68,450
120,Staryu,1,False,False,False,Water,,30,45,55,70,55,85,340
121,Starmie,1,False,False,False,Water,Psychic,60,75,85,100,85,115,520
122,Mr-Mime,1,False,False,False,Psychic,Fairy,40,45,65,100,120,90,460
123,Scyther,1,False,False,False,Bug,Flying,70,110,80,55,80,105,500
124,Jynx,1,False,False,False,Ice,Psychic,65,50,35,115,95,95,455
125,Electabuzz,1,False,False,False,Electric,,65,83,57,95,85,105,490
126,Magmar,1,False,False,False,Fire,,65,95,57,100,85,93,495
127,Pinsir,1,False,False,False,Bug,,65,125,100,55,70,85,500
128,Tauros,1,False,False,False,Normal,,75,100,95,40,70,110,490
129,Magikarp,1,False,False,False,Water,,20,10,55,15,20,80,200
130,Gyarados,1,False,False,False,Water,Flying,95,125,79,60,100,81,540
131,Lapras,1,False,False,False,Water,Ice,130,85,80,85,95,60,535
132,Ditto,1,False,False,False,Normal,,48,48,48,48,48,48,288
133,Eevee,1,False,False,False,Normal,,55,55,50,45,65,55,325
134,Vaporeon,1,False,False,False,Water,,130,65,60,110,95,65,525
135,Jolteon,1,False,False,False,Electric,,65,65,60,110,95,130,525
136,Flareon,1,False,False,False,Fire,,65,130,60,95,110,65,525
137,Porygon,1,False,False,False,Normal,,65,60,70,85,75,40,395
138,Omanyte,1,False,False,False,Rock,Water,35,40,100,90,55,35,355
139,Omastar,1,False,False,False,Rock,Water,70,60,125,115,70,55,495
140,Kabuto,1,False,False,False,Rock,Water,30,80,90,55,45,55,355
141,Kabutops,1,False,False,False,Rock,Water,60,115,105,65,70,80,495
142,Aerodactyl,1,False,False,False,Rock,Flying,80,105,65,60,75,130,515
143,Snorlax,1,False,False,False,Normal,,160,110,65,65,110,30,540
144,Articuno,1,True,False,True,Ice,Flying,90,85,100,95,125,85,580
145,Zapdos,1,True,False,True,Electric,Flying,90,90,85,125,90,100,580
146,Moltres,1,True,False,True,Fire,Flying,90,100,90,125,85,90,580
147,Dratini,1,False,False,False,Dragon,,41,64,45,50,50,50,300
148,Dragonair,1,False,False,False,Dragon,,61,84,65,70,70,70,420
149,Dragonite,1,False,False,False,Dragon,Flying,91,134,95,100,100,80,600
150,Mewtwo,1,True,False,True,Psychic,,106,110,90,154,90,130,680
151,Mew,1,False,True,True,Psychic,,100,100,100,100,100,100,600
152,Chikorita,2,False,False,False,Grass,,45,49,65,49,65,45,318
153,Bayleef,2,False,False,False,Grass,,60,62,80,63,80,60,405
154,Meganium,2,False,False,False,Grass,,80,82,100,83,100,80,525
155,Cyndaquil,2,False,False,False,Fire,,39,52,43,60,50,65,309
156,Quilava,2,False,False,False,Fire,,58,64,58,80,65,80,405
157,Typhlosion,2,False,False,False,Fire,,78,84,78,109,85,100,534
158,Totodile,2,False,False,False,Water,,50,65,64,44,48,43,314
159,Croconaw,2,False,False,False,Water,,65,80,80,59,63,58,405
160,Feraligatr,2,False,False,False,Water,,85,105,100,79,83,78,530
161,Sentret,2,False,False,False,Normal,,35,46,34,35,45,20,215
162,Furret,2,False,False,False,Normal,,85,76,64,45,55,90,415
163,Hoothoot,2,False,False,False,Normal,Flying,60,30,30,36,56,50,262
164,Noctowl,2,False,False,False,Normal,Flying,100,50,50,86,96,70,452
165,Ledyba,2,False,False,False,Bug,Flying,40,20,30,40,80,55,265
166,Ledian,2,False,False,False,Bug,Flying,55,35,50,55,110,85,390
167,Spinarak,2,False,False,False,Bug,Poison,40,60,40,40,40,30,250
168,Ariados,2,False,False,False,Bug,Poison,70,90,70,60,70,40,400
169,Crobat,2,False,False,False,Poison,Flying,85,90,80,70,80,130,535
170,Chinchou,2,False,False,False,Water,Electric,75,38,38,56,56,67,330
171,Lanturn,2,False,False,False,Water,Electric,125,58,58,76,76,67,460
172,Pichu,2,False,False,False,Electric,,20,40,15,35,35,60,205
173,Cleffa,2,False,False,False,Fairy,,50,25,28,45,55,15,218
174,Igglybuff,2,False,False,False,Normal,Fairy,90,30,15,40,20,15,210
175,Togepi,2,False,False,False,Fairy,,35,20,65,40,65,20,245
176,Togetic,2,False,False,False,Fairy,Flying,55,40,85,80,105,40,405
177,Natu,2,False,False,False,Psychic,Flying,40,50,45,70,45,70,320
178,Xatu,2,False,False,False,Psychic,Flying,65,75,70,95,70,95,470
179,Mareep,2,False,False,False,Electric,,55,40,40,65,45,35,280
180,Flaaffy,2,False,False,False,Electric,,70,55,55,80,60,45,365
181,Ampharos,2,False,False,False,Electric,,90,75,85,115,90,55,510
182,Bellossom,2,False,False,False,Grass,,75,80,95,90,100,50,490
183,Marill,2,False,False,False,Water,Fairy,70,20,50,20,50,40,250
184,Azumarill,2,False,False,False,Water,Fairy,100,50,80,60,80,50,420
185,Sudowoodo,2,False,False,False,Rock,,70,100,115,30,65,30,410
186,Politoed,2,False,False,False,Water,,90,75,75,90,100,70,500
187,Hoppip,2,False,False,False,Grass,Flying,35,35,40,35,55,50,250
188,Skiploom,2,False,False,False,Grass,Flying,55,45,50,45,65,80,340
189,Jumpluff,2,False,False,False,Grass,Flying,75,55,70,55,95,110,460
190,Aipom,2,False,False,False,Normal,,55,70,55,40,55,85,360
191,Sunkern,2,False,False,False,Grass,,30,30,30,30,30,30,180
192,Sunflora,2,False,False,False,Grass,,75,75,55,105,85,30,425
193,Yanma,2,False,False,False,Bug,Flying,65,65,45,75,45,95,390
194,Wooper,2,False,False,False,Water,Ground,55,45,45,25,25,15,210
195,Quagsire,2,False,False,False,Water,Ground,95,85,85,65,65,35,430
196,Espeon,2,False,False,False,Psychic,,65,65,60,130,95,110,525
197,Umbreon,2,False,False,False,Dark,,95,65,110,60,130,65,525
198,Murkrow,2,False,False,False,Dark,Flying,60,85,42,85,42,91,405
199,Slowking,2,False,False,False,Water,Psychic,95,75,80,100,110,30,490
200,Misdreavus,2,False,False,False,Ghost,,60,60,60,85,85,85,435
201,Unown,2,False,False,False,Psychic,,48,72,48,72,48,48,336
202,Wobbuffet,2,False,False,False,Psychic,,190,33,58,33,58,33,405
203,Girafarig,2,False,False,False,Normal,Psychic,70,80,65,90,65,85,455
204,Pineco,2,False,False,False,Bug,,50,65,90,35,35,15,290
205,Forretress,2,False,False,False,Bug,Steel,75,90,140,60,60,40,465
206,Dunsparce,2,False,False,False,Normal,,100,70,70,65,65,45,415
207,Gligar,2,False,False,False,Ground,Flying,65,75,105,35,65,85,430
208,Steelix,2,False,False,False,Steel,Ground,75,85,200,55,65,30,510
209,Snubbull,2,False,False,False,Fairy,,60,80,50,40,40,30,300
210,Granbull,2,False,False,False,Fairy,,90,120,75,60,60,45,450
211,Qwilfish,2,False,False,False,Water,Poison,65,95,85,55,55,85,440
212,Scizor,2,False,False,False,Bug,Steel,70,130,100,55,80,65,500
213,Shuckle,2,False,False,False,Bug,Rock,20,10,230,10,230,5,505
214,Heracross,2,False,False,False,Bug,Fighting,80,125,75,40,95,85,500
215,Sneasel,2,False,False,False,Dark,Ice,55,95,55,35,75,115,430
216,Teddiursa,2,False,False,False,Normal,,60,80,50,50,50,40,330
217,Ursaring,2,False,False,False,Normal,,90,130,75,75,75,55,500
218,Slugma,2,False,False,False,Fire,,40,40,40,70,40,20,250
219,Magcargo,2,False,False,False,Fire,Rock,60,50,120,90,80,30,430
220,Swinub,2,False,False,False,Ice,Ground,50,50,40,30,30,50,250
221,Piloswine,2,False,False,False,Ice,Ground,100,100,80,60,60,50,450
222,Corsola,2,False,False,False,Water,Rock,65,55,95,65,95,35,410
223,Remoraid,2,False,False,False,Water,,35,65,35,65,35,65,300
224,Octillery,2,False,False,False,Water,,75,105,75,105,75,45,480
225,Delibird,2,False,False,False,Ice,Flying,45,55,45,65,45,75,330
226,Mantine,2,False,False,False,Water,Flying,85,40,70,80,140,70,485
227,Skarmory,2,False,False,False,Steel,Flying,65,80,140,40,70,70,465
228,Houndour,2,False,False,False,Dark,Fire,45,60,30,80,50,65,330
229,Houndoom,2,False,False,False,Dark,Fire,75,90,50,110,80,95,500
230,Kingdra,2,False,False,False,Water,Dragon,75,95,95,95,95,85,540
231,Phanpy,2,False,False,False,Ground,,90,60,60,40,40,40,330
232,Donphan,2,False,False,False,Ground,,90,120,120,60,60,50,500
233,Porygon2,2,False,False,False,Normal,,85,80,90,105,95,60,515
234,Stantler,2,False,False,False,Normal,,73,95,62,85,65,85,465
235,Smeargle,2,False,False,False,Normal,,55,20,35,20,45,75,250
236,Tyrogue,2,False,False,False,Fighting,,35,35,35,35,35,35,210
237,Hitmontop,2,False,False,False,Fighting,,50,95,95,35,110,70,455
238,Smoochum,2,False,False,False,Ice,Psychic,45,30,15,85,65,65,305
239,Elekid,2,False,False,False,Electric,,45,63,37,65,55,95,360
240,Magby,2,False,False,False,Fire,,45,75,37,70,55,83,365
241,Miltank,2,False,False,False,Normal,,95,80,105,40,70,100,490
242,Blissey,2,False,False,False,Normal,,255,10,10,75,135,55,540
243,Raikou,2,True,False,True,Electric,,90,85,75,115,100,115,580
244,Entei,2,True,False,True,Fire,,115,115,85,90,75,100,580
245,Suicune,2,True,False,True,Water,,100,75,115,90,115,85,580
246,Larvitar,2,False,False,False,Rock,Ground,50,64,50,45,50,41,300
247,Pupitar,2,False,False,False,Rock,Ground,70,84,70,65,70,51,410
248,Tyranitar,2,False,False,False,Rock,Dark,100,134,110,95,100,61,600
249,Lugia,2,True,False,True,Psychic,Flying,106,90,130,90,154,110,680
250,Ho-Oh,2,True,False,True,Fire,Flying,106,130,90,110,154,90,680
251,Celebi,2,False,True,True,Psychic,Grass,100,100,100,100,100,100,600
252,Treecko,3,False,False,False,Grass,,40,45,35,65,55,70,310
253,Grovyle,3,False,False,False,Grass,,50,65,45,85,65,95,405
254,Sceptile,3,False,False,False,Grass,,70,85,65,105,85,120,530
255,Torchic,3,False,False,False,Fire,,45,60,40,70,50,45,310
256,Combusken,3,False,False,False,Fire,Fighting,60,85,60,85,60,55,405
257,Blaziken,3,False,False,False,Fire,Fighting,80,120,70,110,70,80,530
258,Mudkip,3,False,False,False,Water,,50,70,50,50,50,40,310
259,Marshtomp,3,False,False,False,Water,Ground,70,85,70,60,70,50,405
260,Swampert,3,False,False,False,Water,Ground,100,110,90,85,90,60,535
261,Poochyena,3,False,False,False,Dark,,35,55,35,30,30,35,220
262,Mightyena,3,False,False,False,Dark,,70,90,70,60,60,70,420
263,Zigzagoon,3,False,False,False,Normal,,38,30,41,30,41,60,240
264,Linoone,3,False,False,False,Normal,,78,70,61,50,61,100,420
265,Wurmple,3,False,False,False,Bug,,45,45,35,20,30,20,195
266,Silcoon,3,False,False,False,Bug,,50,35,55,25,25,15,205
267,Beautifly,3,False,False,False,Bug,Flying,60,70,50,100,50,65,395
268,Cascoon,3,False,False,False,Bug,,50,35,55,25,25,15,205
269,Dustox,3,False,False,False,Bug,Poison,60,50,70,50,90,65,385
270,Lotad,3,False,False,False,Water,Grass,40,30,30,40,50,30,220
271,Lombre,3,False,False,False,Water,Grass,60,50,50,60,70,50,340
272,Ludicolo,3,False,False,False,Water,Grass,80,70,70,90,100,70,480
273,Seedot,3,False,False,False,Grass,,40,40,50,30,30,30,220
274,Nuzleaf,3,False,False,False,Grass,Dark,70,70,40,60,40,60,340
275,Shiftry,3,False,False,False,Grass,Dark,90,100,60,90,60,80,480
276,Taillow,3,False,False,False,Normal,Flying,40,55,30,30,30,85,270
277,Swellow,3,False,False,False,Normal,Flying,60,85,60,75,50,125,455
278,Wingull,3,False,False,False,Water,Flying,40,30,30,55,30,85,270
279,Pelipper,3,False,False,False,Water,Flying,60,50,100,95,70,65,440
280,Ralts,3,False,False,False,Psychic,Fairy,28,25,25,45,35,40,198
281,Kirlia,3,False,False,False,Psychic,Fairy,38,35,35,65,55,50,278
282,Gardevoir,3,False,False,False,Psychic,Fairy,68,65,65,125,115,80,518
283,Surskit,3,False,False,False,Bug,Water,40,30,32,50,52,65,269
284,Masquerain,3,False,False,False,Bug,Flying,70,60,62,100,82,80,454
285,Shroomish,3,False,False,False,Grass,,60,40,60,40,60,35,295
286,Breloom,3,False,False,False,Grass,Fighting,60,130,80,60,60,70,460
287,Slakoth,3,False,False,False,Normal,,60,60,60,35,35,30,280
288,Vigoroth,3,False,False,False,Normal,,80,80,80,55,55,90,440
289,Slaking,3,False,False,False,Normal,,150,160,100,95,65,100,670
290,Nincada,3,False,False,False,Bug,Ground,31,45,90,30,30,40,266
291,Ninjask,3,False,False,False,Bug,Flying,61,90,45,50,50,160,456
292,Shedinja,3,False,False,False,Bug,Ghost,1,90,45,30,30,40,236
293,Whismur,3,False,False,False,Normal,,64,51,23,51,23,28,240
294,Loudred,3,False,False,False,Normal,,84,71,43,71,43,48,360
295,Exploud,3,False,False,False,Normal,,104,91,63,91,73,68,490
296,Makuhita,3,False,False,False,Fighting,,72,60,30,20,30,25,237
297,Hariyama,3,False,False,False,Fighting,,144,120,60,40,60,50,474
298,Azurill,3,False,False,False,Normal,Fairy,50,20,40,20,40,20,190
299,Nosepass,3,False,False,False,Rock,,30,45,135,45,90,30,375
300,Skitty,3,False,False,False,Normal,,50,45,45,35,35,50,260
301,Delcatty,3,False,False,False,Normal,,70,65,65,55,55,90,400
302,Sableye,3,False,False,False,Dark,Ghost,50,75,75,65,65,50,380
303,Mawile,3,False,False,False,Steel,Fairy,50,85,85,55,55,50,380
304,Aron,3,False,False,False,Steel,Rock,50,70,100,40,40,30,330
305,Lairon,3,False,False,False,Steel,Rock,60,90,140,50,50,40,430
306,Aggron,3,False,False,False,Steel,Rock,70,110,180,60,60,50,530
307,Meditite,3,False,False,False,Fighting,Psychic,30,40,55,40,55,60,280
308,Medicham,3,False,False,False,Fighting,Psychic,60,60,75,60,75,80,410
309,Electrike,3,False,False,False,Electric,,40,45,40,65,40,65,295
310,Manectric,3,False,False,False,Electric,,70,75,60,105,60,105,475
311,Plusle,3,False,False,False,Electric,,60,50,40,85,75,95,405
312,Minun,3,False,False,False,Electric,,60,40,50,75,85,95,405
313,Volbeat,3,False,False,False,Bug,,65,73,75,47,85,85,430
314,Illumise,3,False,False,False,Bug,,65,47,75,73,85,85,430
315,Roselia,3,False,False,False,Grass,Poison,50,60,45,100,80,65,400
316,Gulpin,3,False,False,False,Poison,,70,43,53,43,53,40,302
317,Swalot,3,False,False,False,Poison,,100,73,83,73,83,55,467
318,Carvanha,3,False,False,False,Water,Dark,45,90,20,65,20,65,305
319,Sharpedo,3,False,False,False,Water,Dark,70,120,40,95,40,95,460
320,Wailmer,3,False,False,False,Water,,130,70,35,70,35,60,400
321,Wailord,3,False,False,False,Water,,170,90,45,90,45,60,500
322,Numel,3,False,False,False,Fire,Ground,60,60,40,65,45,35,305
323,Camerupt,3,False,False,False,Fire,Ground,70,100,70,105,75,40,460
324,Torkoal,3,False,False,False,Fire,,70,85,140,85,70,20,470
325,Spoink,3,False,False,False,Psychic,,60,25,35,70,80,60,330
326,Grumpig,3,False,False,False,Psychic,,80,45,65,90,110,80,470
327,Spinda,3,False,False,False,Normal,,60,60,60,60,60,60,360
328,Trapinch,3,False,False,False,Ground,,45,100,45,45,45,10,290
329,Vibrava,3,False,False,False,Ground,Dragon,50,70,50,50,50,70,340
330,Flygon,3,False,False,False,Ground,Dragon,80,100,80,80,80,100,520
331,Cacnea,3,False,False,False,Grass,,50,85,40,85,40,35,335
332,Cacturne,3,False,False,False,Grass,Dark,70,115,60,115,60,55,475
333,Swablu,3,False,False,False,Normal,Flying,45,40,60,40,75,50,310
334,Altaria,3,False,False,False,Dragon,Flying,75,70,90,70,105,80,490
335,Zangoose,3,False,False,False,Normal,,73,115,60,60,60,90,458
336,Seviper,3,False,False,False,Poison,,73,100,60,100,60,65,458
337,Lunatone,3,False,False,False,Rock,Psychic,90,55,65,95,85,70,460
338,Solrock,3,False,False,False,Rock,Psychic,90,95,85,55,65,70,460
339,Barboach,3,False,False,False,Water,Ground,50,48,43,46,41,60,288
340,Whiscash,3,False,False,False,Water,Ground,110,78,73,76,71,60,468
341,Corphish,3,False,False,False,Water,,43,80,65,50,35,35,308
342,Crawdaunt,3,False,False,False,Water,Dark,63,120,85,90,55,55,468
343,Baltoy,3,False,False,False,Ground,Psychic,40,40,55,40,70,55,300
344,Claydol,3,False,False,False,Ground,Psychic,60,70,105,70,120,75,500
345,Lileep,3,False,False,False,Rock,Grass,66,41,77,61,87,23,355
346,Cradily,3,False,False,False,Rock,Grass,86,81,97,81,107,43,495
347,Anorith,3,False,False,False,Rock,Bug,45,95,50,40,50,75,355
348,Armaldo,3,False,False,False,Rock,Bug,75,125,100,70,80,45,495
349,Feebas,3,False,False,False,Water,,20,15,20,10,55,80,200
350,Milotic,3,False,False,False,Water,,95,60,79,100,125,81,540
351,Castform,3,False,False,False,Normal,,70,70,70,70,70,70,420
352,Kecleon,3,False,False,False,Normal,,60,90,70,60,120,40,440
353,Shuppet,3,False,False,False,Ghost,,44,75,35,63,33,45,295
354,Banette,3,False,False,False,Ghost,,64,115,65,83,63,65,455
355,Duskull,3,False,False,False,Ghost,,20,40,90,30,90,25,295
356,Dusclops,3,False,False,False,Ghost,,40,70,130,60,130,25,455
357,Tropius,3,False,False,False,Grass,Flying,99,68,83,72,87,51,460
358,Chimecho,3,False,False,False,Psychic,,75,50,80,95,90,65,455
359,Absol,3,False,False,False,Dark,,65,130,60,75,60,75,465
360,Wynaut,3,False,False,False,Psychic,,95,23,48,23,48,23,260
361,Snorunt,3,False,False,False,Ice,,50,50,50,50,50,50,300
362,Glalie,3,False,False,False,Ice,,80,80,80,80,80,80,480
363,Spheal,3,False,False,False,Ice,Water,70,40,50,55,50,25,290
364,Sealeo,3,False,False,False,Ice,Water,90,60,70,75,70,45,410
365,Walrein,3,False,False,False,Ice,Water,110,80,90,95,90,65,530
366,Clamperl,3,False,False,False,Water,,35,64,85,74,55,32,345
367,Huntail,3,False,False,False,Water,,55,104,105,94,75,52,485
368,Gorebyss,3,False,False,False,Water,,55,84,105,114,75,52,485
369,Relicanth,3,False,False,False,Water,Rock,100,90,130,45,65,55,485
370,Luvdisc,3,False,False,False,Water,,43,30,55,40,65,97,330
371,Bagon,3,False,False,False,Dragon,,45,75,60,40,30,50,300
372,Shelgon,3,False,False,False,Dragon,,65,95,100,60,50,50,420
373,Salamence,3,False,False,False,Dragon,Flying,95,135,80,110,80,100,600
374,Beldum,3,False,False,False,Steel,Psychic,40,55,80,35,60,30,300
375,Metang,3,False,False,False,Steel,Psychic,60,75,100,55,80,50,420
376,Metagross,3,False,False,False,Steel,Psychic,80,135,130,95,90,70,600
377,Regirock,3,True,False,True,Rock,,80,100,200,50,100,50,580
378,Regice,3,True,False,True,Ice,,80,50,100,100,200,50,580
379,Registeel,3,True,False,True,Steel,,80,75,150,75,150,50,580
380,Latias,3,True,False,True,Dragon,Psychic,80,80,90,110,130,110,600
381,Latios,3,True,False,True,Dragon,Psychic,80,90,80,130,110,110,600
382,Kyogre,3,True,False,True,Water,,100,100,90,150,140,90,670
383,Groudon,3,True,False,True,Ground,,100,150,140,100,90,90,670
384,Rayquaza,3,True,False,True,Dragon,Flying,105,150,90,150,90,95,680
385,Jirachi,3,False,True,True,Steel,Psychic,100,100,100,100,100,100,600
386,Deoxys,3,False,True,True,Psychic,,50,150,50,150,50,150,600
387,Turtwig,4,False,False,False,Grass,,55,68,64,45,55,31,318
388,Grotle,4,False,False,False,Grass,,75,89,85,55,65,36,405
389,Torterra,4,False,False,False,Grass,Ground,95,109,105,75,85,56,525
390,Chimchar,4,False,False,False,Fire,,44,58,44,58,44,61,309
391,Monferno,4,False,False,False,Fire,Fighting,64,78,52,78,52,81,405
392,Infernape,4,False,False,False,Fire,Fighting,76,104,71,104,71,108,534
393,Piplup,4,False,False,False,Water,,53,51,53,61,56,40,314
394,Prinplup,4,False,False,False,Water,,64,66,68,81,76,50,405
395,Empoleon,4,False,False,False,Water,Steel,84,86,88,111,101,60,530
396,Starly,4,False,False,False,Normal,Flying,40,55,30,30,30,60,245
397,Staravia,4,False,False,False,Normal,Flying,55,75,50,40,40,80,340
398,Staraptor,4,False,False,False,Normal,Flying,85,120,70,50,60,100,485
399,Bidoof,4,False,False,False,Normal,,59,45,40,35,40,31,250
400,Bibarel,4,False,False,False,Normal,Water,79,85,60,55,60,71,410
401,Kricketot,4,False,False,False,Bug,,37,25,41,25,41,25,194
402,Kricketune,4,False,False,False,Bug,,77,85,51,55,51,65,384
403,Shinx,4,False,False,False,Electric,,45,65,34,40,34,45,263
404,Luxio,4,False,False,False,Electric,,60,85,49,60,49,60,363
405,Luxray,4,False,False,False,Electric,,80,120,79,95,79,70,523
406,Budew,4,False,False,False,Grass,Poison,40,30,35,50,70,55,280
407,Roserade,4,False,False,False,Grass,Poison,60,70,65,125,105,90,515
408,Cranidos,4,False,False,False,Rock,,67,125,40,30,30,58,350
409,Rampardos,4,False,False,False,Rock,,97,165,60,65,50,58,495
410,Shieldon,4,False,False,False,Rock,Steel,30,42,118,42,88,30,350
411,Bastiodon,4,False,False,False,Rock,Steel,60,52,168,47,138,30,495
412,Burmy,4,False,False,False,Bug,,40,29,45,29,45,36,224
413,Wormadam,4,False,False,False,Bug,Grass,60,59,85,79,105,36,424
414,Mothim,4,False,False,False,Bug,Flying,70,94,50,94,50,66,424
415,Combee,4,False,False,False,Bug,Flying,30,30,42,30,42,70,244
416,Vespiquen,4,False,False,False,Bug,Flying,70,80,102,80,102,40,474
417,Pachirisu,4,False,False,False,Electric,,60,45,70,45,90,95,405
418,Buizel,4,False,False,False,Water,,55,65,35,60,30,85,330
419,Floatzel,4,False,False,False,Water,,85,105,55,85,50,115,495
420,Cherubi,4,False,False,False,Grass,,45,35,45,62,53,35,275
421,Cherrim,4,False,False,False,Grass,,70,60,70,87,78,85,450
422,Shellos,4,False,False,False,Water,,76,48,48,57,62,34,325
423,Gastrodon,4,False,False,False,Water,Ground,111,83,68,92,82,39,475
424,Ambipom,4,False,False,False,Normal,,75,100,66,60,66,115,482
425,Drifloon,4,False,False,False,Ghost,Flying,90,50,34,60,44,70,348
426,Drifblim,4,False,False,False,Ghost,Flying,150,80,44,90,54,80,498
427,Buneary,4,False,False,False,Normal,,55,66,44,44,56,85,350
428,Lopunny,4,False,False,False,Normal,,65,76,84,54,96,105,480
429,Mismagius,4,False,False,False,Ghost,,60,60,60,105,105,105,495
430,Honchkrow,4,False,False,False,Dark,Flying,100,125,52,105,52,71,505
431,Glameow,4,False,False,False,Normal,,49,55,42,42,37,85,310
432,Purugly,4,False,False,False,Normal,,71,82,64,64,59,112,452
433,Chingling,4,False,False,False,Psychic,,45,30,50,65,50,45,285
434,Stunky,4,False,False,False,Poison,Dark,63,63,47,41,41,74,329
435,Skuntank,4,False,False,False,Poison,Dark,103,93,67,71,61,84,479
436,Bronzor,4,False,False,False,Steel,Psychic,57,24,86,24,86,23,300
437,Bronzong,4,False,False,False,Steel,Psychic,67,89,116,79,116,33,500
438,Bonsly,4,False,False,False,Rock,,50,80,95,10,45,10,290
439,Mime-Jr,4,False,False,False,Psychic,Fairy,20,25,45,70,90,60,310
440,Happiny,4,False,False,False,Normal,,100,5,5,15,65,30,220
441,Chatot,4,False,False,False,Normal,Flying,76,65,45,92,42,91,411
442,Spiritomb,4,False,False,False,Ghost,Dark,50,92,108,92,108,35,485
443,Gible,4,False,False,False,Dragon,Ground,58,70,45,40,45,42,300
444,Gabite,4,False,False,False,Dragon,Ground,68,90,65,50,55,82,410
445,Garchomp,4,False,False,False,Dragon,Ground,108,130,95,80,85,102,600
446,Munchlax,4,False,False,False,Normal,,135,85,40,40,85,5,390
447,Riolu,4,False,False,False,Fighting,,40,70,40,35,40,60,285
448,Lucario,4,False,False,False,Fighting,Steel,70,110,70,115,70,90,525
449,Hippopotas,4,False,False,False,Ground,,68,72,78,38,42,32,330
450,Hippowdon,4,False,False,False,Ground,,108,112,118,68,72,47,525
451,Skorupi,4,False,False,False,Poison,Bug,40,50,90,30,55,65,330
452,Drapion,4,False,False,False,Poison,Dark,70,90,110,60,75,95,500
453,Croagunk,4,False,False,False,Poison,Fighting,48,61,40,61,40,50,300
454,Toxicroak,4,False,False,False,Poison,Fighting,83,106,65,86,65,85,490
455,Carnivine,4,False,False,False,Grass,,74,100,72,90,72,46,454
456,Finneon,4,False,False,False,Water,,49,49,56,49,61,66,330
457,Lumineon,4,False,False,False,Water,,69,69,76,69,86,91,460
458,Mantyke,4,False,False,False,Water,Flying,45,20,50,60,120,50,345
459,Snover,4,False,False,False,Grass,Ice,60,62,50,62,60,40,334
460,Abomasnow,4,False,False,False,Grass,Ice,90,92,75,92,85,60,494
461,Weavile,4,False,False,False,Dark,Ice,70,120,65,45,85,125,510
462,Magnezone,4,False,False,False,Electric,Steel,70,70,115,130,90,60,535
463,Lickilicky,4,False,False,False,Normal,,110,85,95,80,95,50,515
464,Rhyperior,4,False,False,False,Ground,Rock,115,140,130,55,55,40,535
465,Tangrowth,4,False,False,False,Grass,,100,100,125,110,50,50,535
466,Electivire,4,False,False,False,Electric,,75,123,67,95,85,95,540
467,Magmortar,4,False,False,False,Fire,,75,95,67,125,95,83,540
468,Togekiss,4,False,False,False,Fairy,Flying,85,50,95,120,115,80,545
469,Yanmega,4,False,False,False,Bug,Flying,86,76,86,116,56,95,515
470,Leafeon,4,False,False,False,Grass,,65,110,130,60,65,95,525
471,Glaceon,4,False,False,False,Ice,,65,60,110,130,95,65,525
472,Gliscor,4,False,False,False,Ground,Flying,75,95,125,45,75,95,510
473,Mamoswine,4,False,False,False,Ice,Ground,110,130,80,70,60,80,530
474,Porygon-Z,4,False,False,False,Normal,,85,80,70,135,75,90,535
475,Gallade,4,False,False,False,Psychic,Fighting,68,125,65,65,115,80,518
476,Probopass,4,False,False,False,Rock,Steel,60,55,145,75,150,40,525
477,Dusknoir,4,False,False,False,Ghost,,45,100,135,65,135,45,525
478,Froslass,4,False,False,False,Ice,Ghost,70,80,70,80,70,110,480
479,Rotom,4,False,False,False,Electric,Ghost,50,50,77,95,77,91,440
480,Uxie,4,True,False,True,Psychic,,75,75,130,75,130,95,580
481,Mesprit,4,True,False,True,Psychic,,80,105,105,105,105,80,580
482,Azelf,4,True,False,True,Psychic,,75,125,70,125,70,115,580
483,Dialga,4,True,False,True,Steel,Dragon,100,120,120,150,100,90,680
484,Palkia,4,True,False,True,Water,Dragon,90,120,100,150,120,100,680
485,Heatran,4,True,False,True,Fire,Steel,91,90,106,130,106,77,600
486,Regigigas,4,True,False,True,Normal,,110,160,110,80,110,100,670
487,Giratina,4,True,False,True,Ghost,Dragon,150,100,120,100,120,90,680
488,Cresselia,4,True,False,True,Psychic,,120,70,110,75,120,85,580
489,Phione,4,False,True,True,Water,,80,80,80,80,80,80,480
490,Manaphy,4,False,True,True,Water,,100,100,100,100,100,100,600
491,Darkrai,4,False,True,True,Dark,,70,90,90,135,90,125,600
492,Shaymin,4,False,True,True,Grass,,100,100,100,100,100,100,600
493,Arceus,4,False,True,True,Normal,,120,120,120,120,120,120,720
494,Victini,5,False,True,True,Psychic,Fire,100,100,100,100,100,100,600
495,Snivy,5,False,False,False,Grass,,45,45,55,45,55,63,308
496,Servine,5,False,False,False,Grass,,60,60,75,60,75,83,413
497,Serperior,5,False,False,False,Grass,,75,75,95,75,95,113,528
498,Tepig,5,False,False,False,Fire,,65,63,45,45,45,45,308
499,Pignite,5,False,False,False,Fire,Fighting,90,93,55,70,55,55,418
500,Emboar,5,False,False,False,Fire,Fighting,110,123,65,100,65,65,528
501,Oshawott,5,False,False,False,Water,,55,55,45,63,45,45,308
502,Dewott,5,False,False,False,Water,,75,75,60,83,60,60,413
503,Samurott,5,False,False,False,Water,,95,100,85,108,70,70,528
504,Patrat,5,False,False,False,Normal,,45,55,39,35,39,42,255
505,Watchog,5,False,False,False,Normal,,60,85,69,60,69,77,420
506,Lillipup,5,False,False,False,Normal,,45,60,45,25,45,55,275
507,Herdier,5,False,False,False,Normal,,65,80,65,35,65,60,370
508,Stoutland,5,False,False,False,Normal,,85,110,90,45,90,80,500
509,Purrloin,5,False,False,False,Dark,,41,50,37,50,37,66,281
510,Liepard,5,False,False,False,Dark,,64,88,50,88,50,106,446
511,Pansage,5,False,False,False,Grass,,50,53,48,53,48,64,316
512,Simisage,5,False,False,False,Grass,,75,98,63,98,63,101,498
513,Pansear,5,False,False,False,Fire,,50,53,48,53,48,64,316
514,Simisear,5,False,False,False,Fire,,75,98,63,98,63,101,498
515,Panpour,5,False,False,False,Water,,50,53,48,53,48,64,316
516,Simipour,5,False,False,False,Water,,75,98,63,98,63,101,498
517,Munna,5,False,False,False,Psychic,,76,25,45,67,55,24,292
518,Musharna,5,False,False,False,Psychic,,116,55,85,107,95,29,487
519,Pidove,5,False,False,False,Normal,Flying,50,55,50,36,30,43,264
520,Tranquill,5,False,False,False,Normal,Flying,62,77,62,50,42,65,358
521,Unfezant,5,False,False,False,Normal,Flying,80,115,80,65,55,93,488
522,Blitzle,5,False,False,False,Electric,,45,60,32,50,32,76,295
523,Zebstrika,5,False,False,False,Electric,,75,100,63,80,63,116,497
524,Roggenrola,5,False,False,False,Rock,,55,75,85,25,25,15,280
525,Boldore,5,False,False,False,Rock,,70,105,105,50,40,20,390
526,Gigalith,5,False,False,False,Rock,,85,135,130,60,80,25,515
527,Woobat,5,False,False,False,Psychic,Flying,65,45,43,55,43,72,323
528,Swoobat,5,False,False,False,Psychic,Flying,67,57,55,77,55,114,425
529,Drilbur,5,False,False,False,Ground,,60,85,40,30,45,68,328
530,Excadrill,5,False,False,False,Ground,Steel,110,135,60,50,65,88,508
531,Audino,5,False,False,False,Normal,,103,60,86,60,86,50,445
532,Timburr,5,False,False,False,Fighting,,75,80,55,25,35,35,305
533,Gurdurr,5,False,False,False,Fighting,,85,105,85,40,50,40,405
534,Conkeldurr,5,False,False,False,Fighting,,105,140,95,55,65,45,505
535,Tympole,5,False,False,False,Water,,50,50,40,50,40,64,294
536,Palpitoad,5,False,False,False,Water,Ground,75,65,55,65,55,69,384
537,Seismitoad,5,False,False,False,Water,Ground,105,95,75,85,75,74,509
538,Throh,5,False,False,False,Fighting,,120,100,85,30,85,45,465
539,Sawk,5,False,False,False,Fighting,,75,125,75,30,75,85,465
540,Sewaddle,5,False,False,False,Bug,Grass,45,53,70,40,60,42,310
541,Swadloon,5,False,False,False,Bug,Grass,55,63,90,50,80,42,380
542,Leavanny,5,False,False,False,Bug,Grass,75,103,80,70,80,92,500
543,Venipede,5,False,False,False,Bug,Poison,30,45,59,30,39,57,260
544,Whirlipede,5,False,False,False,Bug,Poison,40,55,99,40,79,47,360
545,Scolipede,5,False,False,False,Bug,Poison,60,100,89,55,69,112,485
546,Cottonee,5,False,False,False,Grass,Fairy,40,27,60,37,50,66,280
547,Whimsicott,5,False,False,False,Grass,Fairy,60,67,85,77,75,116,480
548,Petilil,5,False,False,False,Grass,,45,35,50,70,50,30,280
549,Lilligant,5,False,False,False,Grass,,70,60,75,110,75,90,480
550,Basculin,5,False,False,False,Water,,70,92,65,80,55,98,460
551,Sandile,5,False,False,False,Ground,Dark,50,72,35,35,35,65,292
552,Krokorok,5,False,False,False,Ground,Dark,60,82,45,45,45,74,351
553,Krookodile,5,False,False,False,Ground,Dark,95,117,80,65,70,92,519
554,Darumaka,5,False,False,False,Fire,,70,90,45,15,45,50,315
555,Darmanitan,5,False,False,False,Fire,,105,140,55,30,55,95,480
556,Maractus,5,False,False,False,Grass,,75,86,67,106,67,60,461
557,Dwebble,5,False,False,False,Bug,Rock,50,65,85,35,35,55,325
558,Crustle,5,False,False,False,Bug,Rock,70,105,125,65,75,45,485
559,Scraggy,5,False,False,False,Dark,Fighting,50,75,70,35,70,48,348
560,Scrafty,5,False,False,False,Dark,Fighting,65,90,115,45,115,58,488
561,Sigilyph,5,False,False,False,Psychic,Flying,72,58,80,103,80,97,490
562,Yamask,5,False,False,False,Ghost,,38,30,85,55,65,30,303
563,Cofagrigus,5,False,False,False,Ghost,,58,50,145,95,105,30,483
564,Tirtouga,5,False,False,False,Water,Rock,54,78,103,53,45,22,355
565,Carracosta,5,False,False,False,Water,Rock,74,108,133,83,65,32,495
566,Archen,5,False,False,False,Rock,Flying,55,112,45,74,45,70,401
567,Archeops,5,False,False,False,Rock,Flying,75,140,65,112,65,110,567
568,Trubbish,5,False,False,False,Poison,,50,50,62,40,62,65,329
569,Garbodor,5,False,False,False,Poison,,80,95,82,60,82,75,474
570,Zorua,5,False,False,False,Dark,,40,65,40,80,40,65,330
571,Zoroark,5,False,False,False,Dark,,60,105,60,120,60,105,510
572,Minccino,5,False,False,False,Normal,,55,50,40,40,40,75,300
573,Cinccino,5,False,False,False,Normal,,75,95,60,65,60,115,470
574,Gothita,5,False,False,False,Psychic,,45,30,50,55,65,45,290
575,Gothorita,5,False,False,False,Psychic,,60,45,70,75,85,55,390
576,Gothitelle,5,False,False,False,Psychic,,70,55,95,95,110,65,490
577,Solosis,5,False,False,False,Psychic,,45,30,40,105,50,20,290
578,Duosion,5,False,False,False,Psychic,,65,40,50,125,60,30,370
579,Reuniclus,5,False,False,False,Psychic,,110,65,75,125,85,30,490
580,Ducklett,5,False,False,False,Water,Flying,62,44,50,44,50,55,305
581,Swanna,5,False,False,False,Water,Flying,75,87,63,87,63,98,473
582,Vanillite,5,False,False,False,Ice,,36,50,50,65,60,44,305
583,Vanillish,5,False,False,False,Ice,,51,65,65,80,75,59,395
584,Vanilluxe,5,False,False,False,Ice,,71,95,85,110,95,79,535
585,Deerling,5,False,False,False,Normal,Grass,60,60,50,40,50,75,335
586,Sawsbuck,5,False,False,False,Normal,Grass,80,100,70,60,70,95,475
587,Emolga,5,False,False,False,Electric,Flying,55,75,60,75,60,103,428
588,Karrablast,5,False,False,False,Bug,,50,75,45,40,45,60,315
589,Escavalier,5,False,False,False,Bug,Steel,70,135,105,60,105,20,495
590,Foongus,5,False,False,False,Grass,Poison,69,55,45,55,55,15,294
591,Amoonguss,5,False,False,False,Grass,Poison,114,85,70,85,80,30,464
592,Frillish,5,False,False,False,Water,Ghost,55,40,50,65,85,40,335
593,Jellicent,5,False,False,False,Water,Ghost,100,60,70,85,105,60,480
594,Alomomola,5,False,False,False,Water,,165,75,80,40,45,65,470
595,Joltik,5,False,False,False,Bug,Electric,50,47,50,57,50,65,319
596,Galvantula,5,False,False,False,Bug,Electric,70,77,60,97,60,108,472
597,Ferroseed,5,False,False,False,Grass,Steel,44,50,91,24,86,10,305
598,Ferrothorn,5,False,False,False,Grass,Steel,74,94,131,54,116,20,489
599,Klink,5,False,False,False,Steel,,40,55,70,45,60,30,300
600,Klang,5,False,False,False,Steel,,60,80,95,70,85,50,440
601,Klinklang,5,False,False,False,Steel,,60,100,115,70,85,90,520
602,Tynamo,5,False,False,False,Electric,,35,55,40,45,40,60,275
603,Eelektrik,5,False,False,False,Electric,,65,85,70,75,70,40,405
604,Eelektross,5,False,False,False,Electric,,85,115,80,105,80,50,515
605,Elgyem,5,False,False,False,Psychic,,55,55,55,85,55,30,335
606,Beheeyem,5,False,False,False,Psychic,,75,75,75,125,95,40,485
607,Litwick,5,False,False,False,Ghost,Fire,50,30,55,65,55,20,275
608,Lampent,5,False,False,False,Ghost,Fire,60,40,60,95,60,55,370
609,Chandelure,5,False,False,False,Ghost,Fire,60,55,90,145,90,80,520
610,Axew,5,False,False,False,Dragon,,46,87,60,30,40,57,320
611,Fraxure,5,False,False,False,Dragon,,66,117,70,40,50,67,410
612,Haxorus,5,False,False,False,Dragon,,76,147,90,60,70,97,540
613,Cubchoo,5,False,False,False,Ice,,55,70,40,60,40,40,305
614,Beartic,5,False,False,False,Ice,,95,130,80,70,80,50,505
615,Cryogonal,5,False,False,False,Ice,,80,50,50,95,135,105,515
616,Shelmet,5,False,False,False,Bug,,50,40,85,40,65,25,305
617,Accelgor,5,False,False,False,Bug,,80,70,40,100,60,145,495
618,Stunfisk,5,False,False,False,Ground,Electric,109,66,84,81,99,32,471
619,Mienfoo,5,False,False,False,Fighting,,45,85,50,55,50,65,350
620,Mienshao,5,False,False,False,Fighting,,65,125,60,95,60,105,510
621,Druddigon,5,False,False,False,Dragon,,77,120,90,60,90,48,485
622,Golett,5,False,False,False,Ground,Ghost,59,74,50,35,50,35,303
623,Golurk,5,False,False,False,Ground,Ghost,89,124,80,55,80,55,483
624,Pawniard,5,False,False,False,Dark,Steel,45,85,70,40,40,60,340
625,Bisharp,5,False,False,False,Dark,Steel,65,125,100,60,70,70,490
626,Bouffalant,5,False,False,False,Normal,,95,110,95,40,95,55,490
627,Rufflet,5,False,False,False,Normal,Flying,70,83,50,37,50,60,350
628,Braviary,5,False,False,False,Normal,Flying,100,123,75,57,75,80,510
629,Vullaby,5,False,False,False,Dark,Flying,70,55,75,45,65,60,370
630,Mandibuzz,5,False,False,False,Dark,Flying,110,65,105,55,95,80,510
631,Heatmor,5,False,False,False,Fire,,85,97,66,105,66,65,484
632,Durant,5,False,False,False,Bug,Steel,58,109,112,48,48,109,484
633,Deino,5,False,False,False,Dark,Dragon,52,65,50,45,50,38,300
634,Zweilous,5,False,False,False,Dark,Dragon,72,85,70,65,70,58,420
635,Hydreigon,5,False,False,False,Dark,Dragon,92,105,90,125,90,98,600
636,Larvesta,5,False,False,False,Bug,Fire,55,85,55,50,55,60,360
637,Volcarona,5,False,False,False,Bug,Fire,85,60,65,135,105,100,550
638,Cobalion,5,True,False,True,Steel,Fighting,91,90,129,90,72,108,580
639,Terrakion,5,True,False,True,Rock,Fighting,91,129,90,72,90,108,580
640,Virizion,5,True,False,True,Grass,Fighting,91,90,72,90,129,108,580
641,Tornadus,5,True,False,True,Flying,,79,115,70,125,80,111,580
642,Thundurus,5,True,False,True,Electric,Flying,79,115,70,125,80,111,580
643,Reshiram,5,True,False,True,Dragon,Fire,100,120,100,150,120,90,680
644,Zekrom,5,True,False,True,Dragon,Electric,100,150,120,120,100,90,680
645,Landorus,5,True,False,True,Ground,Flying,89,125,90,115,80,101,600
646,Kyurem,5,True,False,True,Dragon,Ice,125,130,90,130,90,95,660
647,Keldeo,5,False,True,True,Water,Fighting,91,72,90,129,90,108,580
648,Meloetta,5,False,True,True,Normal,Psychic,100,77,77,128,128,90,600
649,Genesect,5,False,True,True,Bug,Steel,71,120,95,120,95,99,600
650,Chespin,6,False,False,False,Grass,,56,61,65,48,45,38,313
651,Quilladin,6,False,False,False,Grass,,61,78,95,56,58,57,405
652,Chesnaught,6,False,False,False,Grass,Fighting,88,107,122,74,75,64,530
653,Fennekin,6,False,False,False,Fire,,40,45,40,62,60,60,307
654,Braixen,6,False,False,False,Fire,,59,59,58,90,70,73,409
655,Delphox,6,False,False,False,Fire,Psychic,75,69,72,114,100,104,534
656,Froakie,6,False,False,False,Water,,41,56,40,62,44,71,314
657,Frogadier,6,False,False,False,Water,,54,63,52,83,56,97,405
658,Greninja,6,False,False,False,Water,Dark,72,95,67,103,71,122,530
659,Bunnelby,6,False,False,False,Normal,,38,36,38,32,36,57,237
660,Diggersby,6,False,False,False,Normal,Ground,85,56,77,50,77,78,423
661,Fletchling,6,False,False,False,Normal,Flying,45,50,43,40,38,62,278
662,Fletchinder,6,False,False,False,Fire,Flying,62,73,55,56,52,84,382
663,Talonflame,6,False,False,False,Fire,Flying,78,81,71,74,69,126,499
664,Scatterbug,6,False,False,False,Bug,,38,35,40,27,25,35,200
665,Spewpa,6,False,False,False,Bug,,45,22,60,27,30,29,213
666,Vivillon,6,False,False,False,Bug,Flying,80,52,50,90,50,89,411
667,Litleo,6,False,False,False,Fire,Normal,62,50,58,73,54,72,369
668,Pyroar,6,False,False,False,Fire,Normal,86,68,72,109,66,106,507
669,Flabebe,6,False,False,False,Fairy,,44,38,39,61,79,42,303
670,Floette,6,False,False,False,Fairy,,54,45,47,75,98,52,371
671,Florges,6,False,False,False,Fairy,,78,65,68,112,154,75,552
672,Skiddo,6,False,False,False,Grass,,66,65,48,62,57,52,350
673,Gogoat,6,False,False,False,Grass,,123,100,62,97,81,68,531
674,Pancham,6,False,False,False,Fighting,,67,82,62,46,48,43,348
675,Pangoro,6,False,False,False,Fighting,Dark,95,124,78,69,71,58,495
676,Furfrou,6,False,False,False,Normal,,75,80,60,65,90,102,472
677,Espurr,6,False,False,False,Psychic,,62,48,54,63,60,68,355
678,Meowstic,6,False,False,False,Psychic,,74,48,76,83,81,104,466
679,Honedge,6,False,False,False,Steel,Ghost,45,80,100,35,37,28,325
680,Doublade,6,False,False,False,Steel,Ghost,59,110,150,45,49,35,448
681,Aegislash,6,False,False,False,Steel,Ghost,60,50,140,50,140,60,500
682,Spritzee,6,False,False,False,Fairy,,78,52,60,63,65,23,341
683,Aromatisse,6,False,False,False,Fairy,,101,72,72,99,89,29,462
684,Swirlix,6,False,False,False,Fairy,,62,48,66,59,57,49,341
685,Slurpuff,6,False,False,False,Fairy,,82,80,86,85,75,72,480
686,Inkay,6,False,False,False,Dark,Psychic,53,54,53,37,46,45,288
687,Malamar,6,False,False,False,Dark,Psychic,86,92,88,68,75,73,482
688,Binacle,6,False,False,False,Rock,Water,42,52,67,39,56,50,306
689,Barbaracle,6,False,False,False,Rock,Water,72,105,115,54,86,68,500
690,Skrelp,6,False,False,False,Poison,Water,50,60,60,60,60,30,320
691,Dragalge,6,False,False,False,Poison,Dragon,65,75,90,97,123,44,494
692,Clauncher,6,False,False,False,Water,,50,53,62,58,63,44,330
693,Clawitzer,6,False,False,False,Water,,71,73,88,120,89,59,500
694,Helioptile,6,False,False,False,Electric,Normal,44,38,33,61,43,70,289
695,Heliolisk,6,False,False,False,Electric,Normal,62,55,52,109,94,109,481
696,Tyrunt,6,False,False,False,Rock,Dragon,58,89,77,45,45,48,362
697,Tyrantrum,6,False,False,False,Rock,Dragon,82,121,119,69,59,71,521
698,Amaura,6,False,False,False,Rock,Ice,77,59,50,67,63,46,362
699,Aurorus,6,False,False,False,Rock,Ice,123,77,72,99,92,58,521
700,Sylveon,6,False,False,False,Fairy,,95,65,65,110,130,60,525
701,Hawlucha,6,False,False,False,Fighting,Flying,78,92,75,74,63,118,500
702,Dedenne,6,False,False,False,Electric,Fairy,67,58,57,81,67,101,431
703,Carbink,6,False,False,False,Rock,Fairy,50,50,150,50,150,50,500
704,Goomy,6,False,False,False,Dragon,,45,50,35,55,75,40,300
705,Sliggoo,6,False,False,False,Dragon,,68,75,53,83,113,60,452
706,Goodra,6,False,False,False,Dragon,,90,100,70,110,150,80,600
707,Klefki,6,False,False,False,Steel,Fairy,57,80,91,80,87,75,470
708,Phantump,6,False,False,False,Ghost,Grass,43,70,48,50,60,38,309
709,Trevenant,6,False,False,False,Ghost,Grass,85,110,76,65,82,56,474
710,Pumpkaboo,6,False,False,False,Ghost,Grass,49,66,70,44,55,51,335
711,Gourgeist,6,False,False,False,Ghost,Grass,65,90,122,58,75,84,494
712,Bergmite,6,False,False,False,Ice,,55,69,85,32,35,28,304
713,Avalugg,6,False,False,False,Ice,,95,117,184,44,46,28,514
714,Noibat,6,False,False,False,Flying,Dragon,40,30,35,45,40,55,245
715,Noivern,6,False,False,False,Flying,Dragon,85,70,80,97,80,123,535
716,Xerneas,6,True,False,True,Fairy,,126,131,95,131,98,99,680
717,Yveltal,6,True,False,True,Dark,Flying,126,131,95,131,98,99,680
718,Zygarde,6,True,False,True,Dragon,Ground,108,100,121,81,95,95,600
719,Diancie,6,False,True,True,Rock,Fairy,50,100,150,100,150,50,600
720,Hoopa,6,False,True,True,Psychic,Ghost,80,110,60,150,130,70,600
721,Volcanion,6,False,True,True,Fire,Water,80,110,120,130,90,70,600
722,Rowlet,7,False,False,False,Grass,Flying,68,55,55,50,50,42,320
723,Dartrix,7,False,False,False,Grass,Flying,78,75,75,70,70,52,420
724,Decidueye,7,False,False,False,Grass,Ghost,78,107,75,100,100,70,530
725,Litten,7,False,False,False,Fire,,45,65,40,60,40,70,320
726,Torracat,7,False,False,False,Fire,,65,85,50,80,50,90,420
727,Incineroar,7,False,False,False,Fire,Dark,95,115,90,80,90,60,530
728,Popplio,7,False,False,False,Water,,50,54,54,66,56,40,320
729,Brionne,7,False,False,False,Water,,60,69,69,91,81,50,420
730,Primarina,7,False,False,False,Water,Fairy,80,74,74,126,116,60,530
731,Pikipek,7,False,False,False,Normal,Flying,35,75,30,30,30,65,265
732,Trumbeak,7,False,False,False,Normal,Flying,55,85,50,40,50,75,355
733,Toucannon,7,False,False,False,Normal,Flying,80,120,75,75,75,60,485
734,Yungoos,7,False,False,False,Normal,,48,70,30,30,30,45,253
735,Gumshoos,7,False,False,False,Normal,,88,110,60,55,60,45,418
736,Grubbin,7,False,False,False,Bug,,47,62,45,55,45,46,300
737,Charjabug,7,False,False,False,Bug,Electric,57,82,95,55,75,36,400
738,Vikavolt,7,False,False,False,Bug,Electric,77,70,90,145,75,43,500
739,Crabrawler,7,False,False,False,Fighting,,47,82,57,42,47,63,338
740,Crabominable,7,False,False,False,Fighting,Ice,97,132,77,62,67,43,478
741,Oricorio,7,False,False,False,Fire,Flying,75,70,70,98,70,93,476
742,Cutiefly,7,False,False,False,Bug,Fairy,40,45,40,55,40,84,304
743,Ribombee,7,False,False,False,Bug,Fairy,60,55,60,95,70,124,464
744,Rockruff,7,False,False,False,Rock,,45,65,40,30,40,60,280
745,Lycanroc,7,False,False,False,Rock,,75,115,65,55,65,112,487
746,Wishiwashi,7,False,False,False,Water,,45,20,20,25,25,40,175
747,Mareanie,7,False,False,False,Poison,Water,50,53,62,43,52,45,305
748,Toxapex,7,False,False,False,Poison,Water,50,63,152,53,142,35,495
749,Mudbray,7,False,False,False,Ground,,70,100,70,45,55,45,385
750,Mudsdale,7,False,False,False,Ground,,100,125,100,55,85,35,500
751,Dewpider,7,False,False,False,Water,Bug,38,40,52,40,72,27,269
752,Araquanid,7,False,False,False,Water,Bug,68,70,92,50,132,42,454
753,Fomantis,7,False,False,False,Grass,,40,55,35,50,35,35,250
754,Lurantis,7,False,False,False,Grass,,70,105,90,80,90,45,480
755,Morelull,7,False,False,False,Grass,Fairy,40,35,55,65,75,15,285
756,Shiinotic,7,False,False,False,Grass,Fairy,60,45,80,90,100,30,405
757,Salandit,7,False,False,False,Poison,Fire,48,44,40,71,40,77,320
758,Salazzle,7,False,False,False,Poison,Fire,68,64,60,111,60,117,480
759,Stufful,7,False,False,False,Normal,Fighting,70,75,50,45,50,50,340
760,Bewear,7,False,False,False,Normal,Fighting,120,125,80,55,60,60,500
761,Bounsweet,7,False,False,False,Grass,,42,30,38,30,38,32,210
762,Steenee,7,False,False,False,Grass,,52,40,48,40,48,62,290
763,Tsareena,7,False,False,False,Grass,,72,120,98,50,98,72,510
764,Comfey,7,False,False,False,Fairy,,51,52,90,82,110,100,485
765,Oranguru,7,False,False,False,Normal,Psychic,90,60,80,90,110,60,490
766,Passimian,7,False,False,False,Fighting,,100,120,90,40,60,80,490
767,Wimpod,7,False,False,False,Bug,Water,25,35,40,20,30,80,230
768,Golisopod,7,False,False,False,Bug,Water,75,125,140,60,90,40,530
769,Sandygast,7,False,False,False,Ghost,Ground,55,55,80,70,45,15,320
770,Palossand,7,False,False,False,Ghost,Ground,85,75,110,100,75,35,480
771,Pyukumuku,7,False,False,False,Water,,55,60,130,30,130,5,410
772,Type-Null,7,True,False,True,Normal,,95,95,95,95,95,59,534
773,Silvally,7,True,False,True,Normal,,95,95,95,95,95,95,570
774,Minior,7,False,False,False,Rock,Flying,60,60,100,60,100,60,440
775,Komala,7,False,False,False,Normal,,65,115,65,75,95,65,480
776,Turtonator,7,False,False,False,Fire,Dragon,60,78,135,91,85,36,485
777,Togedemaru,7,False,False,False,Electric,Steel,65,98,63,40,73,96,435
778,Mimikyu,7,False,False,False,Ghost,Fairy,55,90,80,50,105,96,476
779,Bruxish,7,False,False,False,Water,Psychic,68,105,70,70,70,92,475
780,Drampa,7,False,False,False,Normal,Dragon,78,60,85,135,91,36,485
781,Dhelmise,7,False,False,False,Ghost,Grass,70,131,100,86,90,40,517
782,Jangmo-O,7,False,False,False,Dragon,,45,55,65,45,45,45,300
783,Hakamo-O,7,False,False,False,Dragon,Fighting,55,75,90,65,70,65,420
784,Kommo-O,7,False,False,False,Dragon,Fighting,75,110,125,100,105,85,600
785,Tapu-Koko,7,True,False,True,Electric,Fairy,70,115,85,95,75,130,570
786,Tapu-Lele,7,True,False,True,Psychic,Fairy,70,85,75,130,115,95,570
787,Tapu-Bulu,7,True,False,True,Grass,Fairy,70,130,115,85,95,75,570
788,Tapu-Fini,7,True,False,True,Water,Fairy,70,75,115,95,130,85,570
789,Cosmog,7,True,False,True,Psychic,,43,29,31,29,31,37,200
790,Cosmoem,7,True,False,True,Psychic,,43,29,131,29,131,37,400
791,Solgaleo,7,True,False,True,Psychic,Steel,137,137,107,113,89,97,680
792,Lunala,7,True,False,True,Psychic,Ghost,137,113,89,137,107,97,680
793,Nihilego,7,False,False,False,Rock,Poison,109,53,47,127,131,103,570
794,Buzzwole,7,False,False,False,Bug,Fighting,107,139,139,53,53,79,570
795,Pheromosa,7,False,False,False,Bug,Fighting,71,137,37,137,37,151,570
796,Xurkitree,7,False,False,False,Electric,,83,89,71,173,71,83,570
797,Celesteela,7,False,False,False,Steel,Flying,97,101,103,107,101,61,570
798,Kartana,7,False,False,False,Grass,Steel,59,181,131,59,31,109,570
799,Guzzlord,7,False,False,False,Dark,Dragon,223,101,53,97,53,43,570
800,Necrozma,7,True,False,True,Psychic,,97,107,101,127,89,79,600
801,Magearna,7,False,True,True,Steel,Fairy,80,95,115,130,115,65,600
802,Marshadow,7,False,True,True,Fighting,Ghost,90,125,80,90,90,125,600
803,Poipole,7,False,False,False,Poison,,67,73,67,73,67,73,420
804,Naganadel,7,False,False,False,Poison,Dragon,73,73,73,127,73,121,540
805,Stakataka,7,False,False,False,Rock,Steel,61,131,211,53,101,13,570
806,Blacephalon,7,False,False,False,Fire,Ghost,53,127,53,151,79,107,570
807,Zeraora,7,False,True,True,Electric,,88,112,75,102,80,143,600
808,Meltan,7,False,True,True,Steel,,46,65,65,55,35,34,300
809,Melmetal,7,False,True,True,Steel,,135,143,143,80,65,34,600
810,Grookey,8,False,False,False,Grass,,50,65,50,40,40,65,310
811,Thwackey,8,False,False,False,Grass,,70,85,70,55,60,80,420
812,Rillaboom,8,False,False,False,Grass,,100,125,90,60,70,85,530
813,Scorbunny,8,False,False,False,Fire,,50,71,40,40,40,69,310
814,Raboot,8,False,False,False,Fire,,65,86,60,55,60,94,420
815,Cinderace,8,False,False,False,Fire,,80,116,75,65,75,119,530
816,Sobble,8,False,False,False,Water,,50,40,40,70,40,70,310
817,Drizzile,8,False,False,False,Water,,65,60,55,95,55,90,420
818,Inteleon,8,False,False,False,Water,,70,85,65,125,65,120,530
819,Skwovet,8,False,False,False,Normal,,70,55,55,35,35,25,275
820,Greedent,8,False,False,False,Normal,,120,95,95,55,75,20,460
821,Rookidee,8,False,False,False,Flying,,38,47,35,33,35,57,245
822,Corvisquire,8,False,False,False,Flying,,68,67,55,43,55,77,365
823,Corviknight,8,False,False,False,Flying,Steel,98,87,105,53,85,67,495
824,Blipbug,8,False,False,False,Bug,,25,20,20,25,45,45,180
825,Dottler,8,False,False,False,Bug,Psychic,50,35,80,50,90,30,335
826,Orbeetle,8,False,False,False,Bug,Psychic,60,45,110,80,120,90,505
827,Nickit,8,False,False,False,Dark,,40,28,28,47,52,50,245
828,Thievul,8,False,False,False,Dark,,70,58,58,87,92,90,455
829,Gossifleur,8,False,False,False,Grass,,40,40,60,40,60,10,250
830,Eldegoss,8,False,False,False,Grass,,60,50,90,80,120,60,460
831,Wooloo,8,False,False,False,Normal,,42,40,55,40,45,48,270
832,Dubwool,8,False,False,False,Normal,,72,80,100,60,90,88,490
833,Chewtle,8,False,False,False,Water,,50,64,50,38,38,44,284
834,Drednaw,8,False,False,False,Water,Rock,90,115,90,48,68,74,485
835,Yamper,8,False,False,False,Electric,,59,45,50,40,50,26,270
836,Boltund,8,False,False,False,Electric,,69,90,60,90,60,121,490
837,Rolycoly,8,False,False,False,Rock,,30,40,50,40,50,30,240
838,Carkol,8,False,False,False,Rock,Fire,80,60,90,60,70,50,410
839,Coalossal,8,False,False,False,Rock,Fire,110,80,120,80,90,30,510
840,Applin,8,False,False,False,Grass,Dragon,40,40,80,40,40,20,260
841,Flapple,8,False,False,False,Grass,Dragon,70,110,80,95,60,70,485
842,Appletun,8,False,False,False,Grass,Dragon,110,85,80,100,80,30,485
843,Silicobra,8,False,False,False,Ground,,52,57,75,35,50,46,315
844,Sandaconda,8,False,False,False,Ground,,72,107,125,65,70,71,510
845,Cramorant,8,False,False,False,Flying,Water,70,85,55,85,95,85,475
846,Arrokuda,8,False,False,False,Water,,41,63,40,40,30,66,280
847,Barraskewda,8,False,False,False,Water,,61,123,60,60,50,136,490
848,Toxel,8,False,False,False,Electric,Poison,40,38,35,54,35,40,242
849,Toxtricity,8,False,False,False,Electric,Poison,75,98,70,114,70,75,502
850,Sizzlipede,8,False,False,False,Fire,Bug,50,65,45,50,50,45,305
851,Centiskorch,8,False,False,False,Fire,Bug,100,115,65,90,90,65,525
852,Clobbopus,8,False,False,False,Fighting,,50,68,60,50,50,32,310
853,Grapploct,8,False,False,False,Fighting,,80,118,90,70,80,42,480
854,Sinistea,8,False,False,False,Ghost,,40,45,45,74,54,50,308
855,Polteageist,8,False,False,False,Ghost,,60,65,65,134,114,70,508
856,Hatenna,8,False,False,False,Psychic,,42,30,45,56,53,39,265
857,Hattrem,8,False,False,False,Psychic,,57,40,65,86,73,49,370
858,Hatterene,8,False,False,False,Psychic,Fairy,57,90,95,136,103,29,510
859,Impidimp,8,False,False,False,Dark,Fairy,45,45,30,55,40,50,265
860,Morgrem,8,False,False,False,Dark,Fairy,65,60,45,75,55,70,370
861,Grimmsnarl,8,False,False,False,Dark,Fairy,95,120,65,95,75,60,510
862,Obstagoon,8,False,False,False,Dark,Normal,93,90,101,60,81,95,520
863,Perrserker,8,False,False,False,Steel,,70,110,100,50,60,50,440
864,Cursola,8,False,False,False,Ghost,,60,95,50,145,130,30,510
865,Sirfetchd,8,False,False,False,Fighting,,62,135,95,68,82,65,507
866,Mr-Rime,8,False,False,False,Ice,Psychic,80,85,75,110,100,70,520
867,Runerigus,8,False,False,False,Ground,Ghost,58,95,145,50,105,30,483
868,Milcery,8,False,False,False,Fairy,,45,40,40,50,61,34,270
869,Alcremie,8,False,False,False,Fairy,,65,60,75,110,121,64,495
870,Falinks,8,False,False,False,Fighting,,65,100,100,70,60,75,470
871,Pincurchin,8,False,False,False,Electric,,48,101,95,91,85,15,435
872,Snom,8,False,False,False,Ice,Bug,30,25,35,45,30,20,185
873,Frosmoth,8,False,False,False,Ice,Bug,70,65,60,125,90,65,475
874,Stonjourner,8,False,False,False,Rock,,100,125,135,20,20,70,470
875,Eiscue,8,False,False,False,Ice,,75,80,110,65,90,50,470
876,Indeedee,8,False,False,False,Psychic,Normal,60,65,55,105,95,95,475
877,Morpeko,8,False,False,False,Electric,Dark,58,95,58,70,58,97,436
878,Cufant,8,False,False,False,Steel,,72,80,49,40,49,40,330
879,Copperajah,8,False,False,False,Steel,,122,130,69,80,69,30,500
880,Dracozolt,8,False,False,False,Electric,Dragon,90,100,90,80,70,75,505
881,Arctozolt,8,False,False,False,Electric,Ice,90,100,90,90,80,55,505
882,Dracovish,8,False,False,False,Water,Dragon,90,90,100,70,80,75,505
883,Arctovish,8,False,False,False,Water,Ice,90,90,100,80,90,55,505
884,Duraludon,8,False,False,False,Steel,Dragon,70,95,115,120,50,85,535
885,Dreepy,8,False,False,False,Dragon,Ghost,28,60,30,40,30,82,270
886,Drakloak,8,False,False,False,Dragon,Ghost,68,80,50,60,50,102,410
887,Dragapult,8,False,False,False,Dragon,Ghost,88,120,75,100,75,142,600
888,Zacian,8,True,False,True,Fairy,,92,120,115,80,115,138,660
889,Zamazenta,8,True,False,True,Fighting,,92,120,115,80,115,138,660
890,Eternatus,8,True,False,True,Poison,Dragon,140,85,95,145,95,130,690
891,Kubfu,8,True,False,True,Fighting,,60,90,60,53,50,72,385
892,Urshifu,8,True,False,True,Fighting,Dark,100,130,100,63,60,97,550
893,Zarude,8,False,True,True,Dark,Grass,105,120,105,70,95,105,600
894,Regieleki,8,True,False,True,Electric,,80,100,50,100,50,200,580
895,Regidrago,8,True,False,True,Dragon,,200,100,50,100,50,80,580
896,Glastrier,8,True,False,True,Ice,,100,145,130,65,110,30,580
897,Spectrier,8,True,False,True,Ghost,,100,65,60,145,80,130,580
898,Calyrex,8,True,False,True,Psychic,Grass,100,80,80,80,80,80,500
899,Wyrdeer,8,False,False,False,Normal,Psychic,103,105,72,105,75,65,525
900,Kleavor,8,False,False,False,Bug,Rock,70,135,95,45,70,85,500
901,Ursaluna,8,False,False,False,Ground,Normal,130,140,105,45,80,50,550
902,Basculegion,8,False,False,False,Water,Ghost,120,112,65,80,75,78,530
903,Sneasler,8,False,False,False,Fighting,Poison,80,130,60,40,80,120,510
904,Overqwil,8,False,False,False,Dark,Poison,85,115,95,65,65,85,510
905,Enamorus,8,True,False,True,Fairy,Flying,74,115,70,135,80,106,580
906,Sprigatito,9,False,False,False,Grass,,40,61,54,45,45,65,310
907,Floragato,9,False,False,False,Grass,,61,80,63,60,63,83,410
908,Meowscarada,9,False,False,False,Grass,Dark,76,110,70,81,70,123,530
909,Fuecoco,9,False,False,False,Fire,,67,45,59,63,40,36,310
910,Crocalor,9,False,False,False,Fire,,81,55,78,90,58,49,411
911,Skeledirge,9,False,False,False,Fire,Ghost,104,75,100,110,75,66,530
912,Quaxly,9,False,False,False,Water,,55,65,45,50,45,50,310
913,Quaxwell,9,False,False,False,Water,,70,85,65,65,60,65,410
914,Quaquaval,9,False,False,False,Water,Fighting,85,120,80,85,75,85,530
915,Lechonk,9,False,False,False,Normal,,54,45,40,35,45,35,254
916,Oinkologne,9,False,False,False,Normal,,110,100,75,59,80,65,489
917,Tarountula,9,False,False,False,Bug,,35,41,45,29,40,20,210
918,Spidops,9,False,False,False,Bug,,60,79,92,52,86,35,404
919,Nymble,9,False,False,False,Bug,,33,46,40,21,25,45,210
920,Lokix,9,False,False,False,Bug,Dark,71,102,78,52,55,92,450
921,Pawmi,9,False,False,False,Electric,,45,50,20,40,25,60,240
922,Pawmo,9,False,False,False,Electric,Fighting,60,75,40,50,40,85,350
923,Pawmot,9,False,False,False,Electric,Fighting,70,115,70,70,60,105,490
924,Tandemaus,9,False,False,False,Normal,,50,50,45,40,45,75,305
925,Maushold,9,False,False,False,Normal,,74,75,70,65,75,111,470
926,Fidough,9,False,False,False,Fairy,,37,55,70,30,55,65,312
927,Dachsbun,9,False,False,False,Fairy,,57,80,115,50,80,95,477
928,Smoliv,9,False,False,False,Grass,Normal,41,35,45,58,51,30,260
929,Dolliv,9,False,False,False,Grass,Normal,52,53,60,78,78,33,354
930,Arboliva,9,False,False,False,Grass,Normal,78,69,90,125,109,39,510
931,Squawkabilly,9,False,False,False,Normal,Flying,82,96,51,45,51,92,417
932,Nacli,9,False,False,False,Rock,,55,55,75,35,35,25,280
933,Naclstack,9,False,False,False,Rock,,60,60,100,35,65,35,355
934,Garganacl,9,False,False,False,Rock,,100,100,130,45,90,35,500
935,Charcadet,9,False,False,False,Fire,,40,50,40,50,40,35,255
936,Armarouge,9,False,False,False,Fire,Psychic,85,60,100,125,80,75,525
937,Ceruledge,9,False,False,False,Fire,Ghost,75,125,80,60,100,85,525
938,Tadbulb,9,False,False,False,Electric,,61,31,41,59,35,45,272
939,Bellibolt,9,False,False,False,Electric,,109,64,91,103,83,45,495
940,Wattrel,9,False,False,False,Electric,Flying,40,40,35,55,40,70,280
941,Kilowattrel,9,False,False,False,Electric,Flying,70,70,60,105,60,125,490
942,Maschiff,9,False,False,False,Dark,,60,78,60,40,51,51,340
943,Mabosstiff,9,False,False,False,Dark,,80,120,90,60,70,85,505
944,Shroodle,9,False,False,False,Poison,Normal,40,65,35,40,35,75,290
945,Grafaiai,9,False,False,False,Poison,Normal,63,95,65,80,72,110,485
946,Bramblin,9,False,False,False,Grass,Ghost,40,65,30,45,35,60,275
947,Brambleghast,9,False,False,False,Grass,Ghost,55,115,70,80,70,90,480
948,Toedscool,9,False,False,False,Ground,Grass,40,40,35,50,100,70,335
949,Toedscruel,9,False,False,False,Ground,Grass,80,70,65,80,120,100,515
950,Klawf,9,False,False,False,Rock,,70,100,115,35,55,75,450
951,Capsakid,9,False,False,False,Grass,,50,62,40,62,40,50,304
952,Scovillain,9,False,False,False,Grass,Fire,65,108,65,108,65,75,486
953,Rellor,9,False,False,False,Bug,,41,50,60,31,58,30,270
954,Rabsca,9,False,False,False,Bug,Psychic,75,50,85,115,100,45,470
955,Flittle,9,False,False,False,Psychic,,30,35,30,55,30,75,255
956,Espathra,9,False,False,False,Psychic,,95,60,60,101,60,105,481
957,Tinkatink,9,False,False,False,Fairy,Steel,50,45,45,35,64,58,297
958,Tinkatuff,9,False,False,False,Fairy,Steel,65,55,55,45,82,78,380
959,Tinkaton,9,False,False,False,Fairy,Steel,85,75,77,70,105,94,506
960,Wiglett,9,False,False,False,Water,,10,55,25,35,25,95,245
961,Wugtrio,9,False,False,False,Water,,35,100,50,50,70,120,425
962,Bombirdier,9,False,False,False,Flying,Dark,70,103,85,60,85,82,485
963,Finizen,9,False,False,False,Water,,70,45,40,45,40,75,315
964,Palafin,9,False,False,False,Water,,100,70,72,53,62,100,457
965,Varoom,9,False,False,False,Steel,Poison,45,70,63,30,45,47,300
966,Revavroom,9,False,False,False,Steel,Poison,80,119,90,54,67,90,500
967,Cyclizar,9,False,False,False,Dragon,Normal,70,95,65,85,65,121,501
968,Orthworm,9,False,False,False,Steel,,70,85,145,60,55,65,480
969,Glimmet,9,False,False,False,Rock,Poison,48,35,42,105,60,60,350
970,Glimmora,9,False,False,False,Rock,Poison,83,55,90,130,81,86,525
971,Greavard,9,False,False,False,Ghost,,50,61,60,30,55,34,290
972,Houndstone,9,False,False,False,Ghost,,72,101,100,50,97,68,488
973,Flamigo,9,False,False,False,Flying,Fighting,82,115,74,75,64,90,500
974,Cetoddle,9,False,False,False,Ice,,108,68,45,30,40,43,334
975,Cetitan,9,False,False,False,Ice,,170,113,65,45,55,73,521
976,Veluza,9,False,False,False,Water,Psychic,90,102,73,78,65,70,478
977,Dondozo,9,False,False,False,Water,,150,100,115,65,65,35,530
978,Tatsugiri,9,False,False,False,Dragon,Water,68,50,60,120,95,82,475
979,Annihilape,9,False,False,False,Fighting,Ghost,110,115,80,50,90,90,535
980,Clodsire,9,False,False,False,Poison,Ground,130,75,60,45,100,20,430
981,Farigiraf,9,False,False,False,Normal,Psychic,120,90,70,110,70,60,520
982,Dudunsparce,9,False,False,False,Normal,,125,100,80,85,75,55,520
983,Kingambit,9,False,False,False,Dark,Steel,100,135,120,60,85,50,550
984,Great-Tusk,9,False,False,False,Ground,Fighting,115,131,131,53,53,87,570
985,Scream-Tail,9,False,False,False,Fairy,Psychic,115,65,99,65,115,111,570
986,Brute-Bonnet,9,False,False,False,Grass,Dark,111,127,99,79,99,55,570
987,Flutter-Mane,9,False,False,False,Ghost,Fairy,55,55,55,135,135,135,570
988,Slither-Wing,9,False,False,False,Bug,Fighting,85,135,79,85,105,81,570
989,Sandy-Shocks,9,False,False,False,Electric,Ground,85,81,97,121,85,101,570
990,Iron-Treads,9,False,False,False,Ground,Steel,90,112,120,72,70,106,570
991,Iron-Bundle,9,False,False,False,Ice,Water,56,80,114,124,60,136,570
992,Iron-Hands,9,False,False,False,Fighting,Electric,154,140,108,50,68,50,570
993,Iron-Jugulis,9,False,False,False,Dark,Flying,94,80,86,122,80,108,570
994,Iron-Moth,9,False,False,False,Fire,Poison,80,70,60,140,110,110,570
995,Iron-Thorns,9,False,False,False,Rock,Electric,100,134,110,70,84,72,570
996,Frigibax,9,False,False,False,Dragon,Ice,65,75,45,35,45,55,320
997,Arctibax,9,False,False,False,Dragon,Ice,90,95,66,45,65,62,423
998,Baxcalibur,9,False,False,False,Dragon,Ice,115,145,92,75,86,87,600
999,Gimmighoul,9,False,False,False,Ghost,,45,30,70,75,70,10,300
1000,Gholdengo,9,False,False,False,Steel,Ghost,87,60,95,133,91,84,550
1001,Wo-Chien,9,True,False,True,Dark,Grass,85,85,100,95,135,70,570
1002,Chien-Pao,9,True,False,True,Dark,Ice,80,120,80,90,65,135,570
1003,Ting-Lu,9,True,False,True,Dark,Ground,155,110,125,55,80,45,570
1004,Chi-Yu,9,True,False,True,Dark,Fire,55,80,80,135,120,100,570
1005,Roaring-Moon,9,False,False,False,Dragon,Dark,105,139,71,55,101,119,590
1006,Iron-Valiant,9,False,False,False,Fairy,Fighting,74,130,90,120,60,116,590
1007,Koraidon,9,True,False,True,Fighting,Dragon,100,135,115,85,100,135,670
1008,Miraidon,9,True,False,True,Electric,Dragon,100,85,100,135,115,135,670
1009,Walking-Wake,9,False,False,False,Water,Dragon,99,83,91,125,83,109,590
1010,Iron-Leaves,9,False,False,False,Grass,Psychic,90,130,88,70,108,104,590
1011,Dipplin,9,False,False,False,Grass,Dragon,80,80,110,95,80,40,485
1012,Poltchageist,9,False,False,False,Grass,Ghost,40,45,45,74,54,50,308
1013,Sinistcha,9,False,False,False,Grass,Ghost,71,60,106,121,80,70,508
1014,Okidogi,9,True,False,True,Poison,Fighting,88,128,115,58,86,80,555
1015,Munkidori,9,True,False,True,Poison,Psychic,88,75,66,130,90,106,555
1016,Fezandipiti,9,True,False,True,Poison,Fairy,88,91,82,70,125,99,555
1017,Ogerpon,9,True,False,True,Grass,,80,120,84,60,96,110,550
1018,Archaludon,9,False,False,False,Steel,Dragon,90,105,130,125,65,85,600
1019,Hydrapple,9,False,False,False,Grass,Dragon,106,80,110,120,80,44,540
1020,Gouging-Fire,9,False,False,False,Fire,Dragon,105,115,121,65,93,91,590
1021,Raging-Bolt,9,False,False,False,Electric,Dragon,125,73,91,137,89,75,590
1022,Iron-Boulder,9,False,False,False,Rock,Psychic,90,120,80,68,108,124,590
1023,Iron-Crown,9,False,False,False,Steel,Psychic,90,72,100,122,108,98,590
1024,Terapagos,9,True,False,True,Normal,,90,65,85,65,85,60,450
1025,Pecharunt,9,False,True,True,Poison,Ghost,88,88,160,88,88,88,600
